[{"year":"3-1993","value":0},{"year":"3-1994","value":0},{"year":"3-1995","value":0},{"year":"3-1996","value":0},{"year":"3-1997","value":0},{"year":"3-1998","value":0},{"year":"3-1999","value":0},{"year":"3-2000","value":0},{"year":"3-2001","value":0},{"year":"3-2002","value":0},{"year":"3-2003","value":0},{"year":"3-2004","value":0},{"year":"3-2005","value":263.7893},{"year":"3-2006","value":310.5109},{"year":"3-2007","value":389.42449999999997},{"year":"3-2008","value":385.2825},{"year":"3-2009","value":317.6708},{"year":"3-2010","value":328.140822},{"year":"3-2011","value":386.00171919999997},{"year":"3-2012","value":407.635196},{"year":"3-2013","value":386.35},{"year":"3-2014","value":396.28450000000004}]