[{"Particulars":"Kharif","value":128.07},{"Particulars":"Rabi","value":129.06},{"Particulars":"Rice","value":105.24},{"Particulars":"Rice Kharif","value":92.37},{"Particulars":"Rice Rabi","value":12.87},{"Particulars":"Wheat Rabi","value":93.51},{"Particulars":"Jowar","value":5.28},{"Particulars":"Jowar Kharif","value":2.84},{"Particulars":"Jowar Rabi","value":2.44},{"Particulars":"Bajra Kharif","value":8.74},{"Particulars":"Maize","value":22.26},{"Particulars":"Maize Kharif","value":16.19},{"Particulars":"Maize Rabi","value":6.06},{"Particulars":"Ragi Kharif","value":1.57},{"Particulars":"Small Millets Kharif","value":0.44},{"Particulars":"Barley Rabi","value":1.75},{"Particulars":"Coarse Cereals","value":40.04},{"Particulars":"Coarse Cereals Kharif","value":29.79},{"Particulars":"Coarse Cereals Rabi","value":10.25},{"Particulars":"Cereals","value":238.79},{"Particulars":"Cereals Kharif","value":122.16},{"Particulars":"Cereals Rabi","value":116.63},{"Particulars":"Tur Kharif","value":3.02},{"Particulars":"Other Kharif Pulses Kharif","value":0.62},{"Particulars":"Gram Rabi","value":8.83},{"Particulars":"Other Kharif Pulses Rabi","value":2.73},{"Particulars":"Pulses","value":18.34},{"Particulars":"Pulses Kharif","value":5.91},{"Particulars":"Pulses Rabi","value":12.43}]