[{"Particulars":"Kharif","value":20.791},{"Particulars":"Rabi","value":10.152},{"Particulars":"Groundnut","value":4.695},{"Particulars":"Groundnut Kharif","value":3.187},{"Particulars":"Groundnut Rabi","value":1.508},{"Particulars":"Castorseed Kharif","value":1.964},{"Particulars":"Sesamun Kharif","value":0.685},{"Particulars":"Nigerseed Kharif","value":0.102},{"Particulars":"Rapeseed and Mustard Rabi","value":8.029},{"Particulars":"Linseed Rabi","value":0.149},{"Particulars":"Safflower Rabi","value":0.109},{"Particulars":"Sunflower","value":0.544},{"Particulars":"Sunflower Kharif","value":0.187},{"Particulars":"Sunflower Rabi","value":0.357},{"Particulars":"Soyabean Kharif","value":14.666}]