[{"year":"3-1993","Andhra Pradesh":0,"Karnataka":0,"Kerala":0,"Tamil Nadu":0},{"year":"3-1994","Andhra Pradesh":0,"Karnataka":0,"Kerala":0,"Tamil Nadu":0},{"year":"3-1995","Andhra Pradesh":0,"Karnataka":0,"Kerala":0,"Tamil Nadu":0},{"year":"3-1996","Andhra Pradesh":0,"Karnataka":0,"Kerala":0,"Tamil Nadu":0},{"year":"3-1997","Andhra Pradesh":0,"Karnataka":0,"Kerala":0,"Tamil Nadu":0},{"year":"3-1998","Andhra Pradesh":0,"Karnataka":0,"Kerala":0,"Tamil Nadu":0},{"year":"3-1999","Andhra Pradesh":0,"Karnataka":0,"Kerala":0,"Tamil Nadu":0},{"year":"3-2000","Andhra Pradesh":0,"Karnataka":0,"Kerala":0,"Tamil Nadu":0},{"year":"3-2001","Andhra Pradesh":0,"Karnataka":0,"Kerala":0,"Tamil Nadu":0},{"year":"3-2002","Andhra Pradesh":0,"Karnataka":0,"Kerala":0,"Tamil Nadu":0},{"year":"3-2003","Andhra Pradesh":0,"Karnataka":0,"Kerala":0,"Tamil Nadu":0},{"year":"3-2004","Andhra Pradesh":3009,"Karnataka":2375,"Kerala":1983,"Tamil Nadu":2308},{"year":"3-2005","Andhra Pradesh":3111,"Karnataka":2712,"Kerala":2301,"Tamil Nadu":2703},{"year":"3-2006","Andhra Pradesh":2939,"Karnataka":3868,"Kerala":2284,"Tamil Nadu":2546},{"year":"3-2007","Andhra Pradesh":2984,"Karnataka":2470,"Kerala":2390,"Tamil Nadu":3423},{"year":"3-2008","Andhra Pradesh":3344,"Karnataka":2625,"Kerala":2310,"Tamil Nadu":2817},{"year":"3-2009","Andhra Pradesh":3246,"Karnataka":2511,"Kerala":2519,"Tamil Nadu":2683},{"year":"3-2010","Andhra Pradesh":3062,"Karnataka":2482,"Kerala":2557,"Tamil Nadu":3070},{"year":"3-2011","Andhra Pradesh":3036,"Karnataka":2721,"Kerala":2476,"Tamil Nadu":3031},{"year":"3-2012","Andhra Pradesh":3146,"Karnataka":2789,"Kerala":2714,"Tamil Nadu":3926},{"year":"3-2013","Andhra Pradesh":3126,"Karnataka":2583,"Kerala":2650,"Tamil Nadu":2785},{"year":"3-2014","Andhra Pradesh":0,"Karnataka":0,"Kerala":0,"Tamil Nadu":0}]