[{"id":390853,"title":"Amor en las nubes","rating":1.001103,"poster":"/ywAaRTvQvXoEe3VjSVWV2GSCX1n.jpg"},{"id":433249,"title":"Io","rating":1.131604,"poster":null},{"id":41110,"title":"I Am Love","rating":2.678922,"poster":"/9SMSJYU4MaXOsAM9nMzHcNKzqEu.jpg"},{"id":41608,"title":"God Forgives... I Don't!","rating":1.817625,"poster":"/gsprbXoxUJsDYaa76klTq8NIdzc.jpg"},{"id":286574,"title":"Interés variable","rating":1.047694,"poster":null},{"id":113832,"title":"Variety Girl","rating":1.027774,"poster":"/wnH9oWXuDKOJXZoiJVzjhpAnYz0.jpg"},{"id":323152,"title":"Ananda Thandavam","rating":1.05609,"poster":"/tFAe6TQB69oyG7Co87qVpVwFpTH.jpg"}]