{
  "configuration": {
    "name": "Default",
    "properties": {
      "property": [
        {
          "name": "log-path",
          "value": "logs"
        },
        {
          "name": "archive",
          "value": "${log-path}/archive"
        }
      ]
    },
    "appenders": {
      "Console": {
        "name": "Console-Appender",
        "target": "SYSTEM_OUT",
        "PatternLayout": {
          "pattern": "[%-5level] %d{yyyy-MM-dd HH:mm:ss.SSS} [%t] %c{1} - %msg%n"
        }
      },
      "File": {
        "name": "File-Appender",
        "fileName": "${log-path}/logfile.log",
        "PatternLayout": {
          "pattern": "[%-5level] %d{yyyy-MM-dd HH:mm:ss.SSS} [%t] %c{1} - %msg%n"
        }
      },
      "RollingFile": {
        "name": "RollingFile-Appender",
        "fileName": "${log-path}/rollingfile.log",
        "filePattern": "${archive}/rollingfile.log.%d{yyyy-MM-dd-hh-mm}.gz",
        "PatternLayout": {
          "pattern": "[%-5level] %d{yyyy-MM-dd HH:mm:ss.SSS} [%t] %c{1} - %msg%n"
        },
        "Policies": {
          "SizeBasedTriggeringPolicy": {
            "size": "1 KB"
          }
        },
        "DefaultRolloverStrategy": {
          "max": "30"
        }
      }
    },
    "loggers": {
      "logger": {
        "name": "com.stackroute.ng2boot.*",
        "level": "debug",
        "additivity": "false",
        "appender-ref": [{
          "ref": "Console-Appender", "level":"debug"
        },
          {
            "ref": "File-Appender", "level":"debug"
          },
          {
            "ref": "RollingFile-Appender", "level":"debug"
          }]
      },
      "root": {
        "level": "debug",
        "appender-ref": {"ref": "Console-Appender"}
      }
    }
  }
}