[
  {
    "roles": "dinesh",
    "allows": [
      {
        "resources": "/getbroadcastmessage",
        "permissions": "*"
      }
    ]
  },
  {
    "roles": "sindhuja",
    "allows": [
      {
        "resources": "/getbroadcastmessage",
        "permissions": "*"
      }
    ]
  },
  {
    "roles": "user",
    "allows": [
      {
        "resources": "/savebroadcastmessage",
        "permissions": "*"
      },
      {
        "resources": "/getadmin",
        "permissions": "*"
      },
      {
        "resources": "/analytics",
        "permissions": "*"
      }
    ]
  },
  {
    "roles": "admin",
    "allows": [
      {
        "resources": "/analytics",
        "permissions": "*"
      },

      {
        "resources": "/getbroadcastmessage",
        "permissions": "*"
      },
      {
        "resources": "/verifyQuestion",
        "permissions": "*"
      },
      {
        "resources": "/addQuestionAnswer",
        "permissions": "*"
      },
      {
        "resources": "/rateAnswer",
        "permissions": "*"
      }
    ]
  }
]
